Rk,Player,Nation,Pos,Squad,Age,Born,MP,Starts,Min,90s,Gls,Ast,G+A,G-PK,PK,PKatt,CrdY,CrdR,Gls,Ast,G+A,G-PK,G+A-PK
1,Sahal Abdul Samad,in IND,"MF,FW",Kerala Blasters,25,1997,19,16,1263,14,3,2,5,3,0,0,1,0,0.21,0.14,0.36,0.21,0.36
2,Ayush Adhikari,in IND,MF,Kerala Blasters,22,2000,6,1,107,1.2,0,0,0,0,0,0,0,0,0,0,0,0,0
3,Gani Ahammed Nigam,in IND,MF,NorthEast Utd,24,1998,8,2,305,3.4,0,2,2,0,0,0,2,0,0,0.59,0.59,0,0.59
4,Alex,br BRA,MF,East Bengal,33,1988,17,13,1198,13.3,1,1,2,1,0,0,5,0,0.08,0.08,0.15,0.08,0.15
5,Anwar Ali,in IND,DF,Goa,21,2000,20,20,1797,20,1,2,3,1,0,0,2,0,0.05,0.1,0.15,0.05,0.15
6,Rahim Ali,in IND,"MF,FW",Chennaiyin,22,2000,15,8,798,8.9,3,1,4,3,0,0,1,0,0.34,0.11,0.45,0.34,0.45
7,Wahengbam Angousana Luwang,in IND,MF,East Bengal,26,1996,1,0,2,0,0,0,0,0,0,0,0,0,0,0,0,0,0
8,Aniket Anil Jadhav,in IND,MF,Odisha,22,2000,5,0,85,0.9,0,0,0,0,0,0,0,0,0,0,0,0,0
9,Aniket Anil Jadhav,in IND,MF,East Bengal,22,2000,6,0,193,2.1,0,0,0,0,0,0,0,0,0,0,0,0,0
10,Fares Al Arnaout,sy SYR,DF,Goa,25,1997,19,12,1016,11.3,1,0,1,1,0,0,1,0,0.09,0,0.09,0.09,0.09
11,Mohammad Asif Khan,in IND,MF,Mumbai City,21,2001,2,0,22,0.2,0,0,0,0,0,0,0,0,0,0,0,0,0
12,Leon Augustine,in IND,MF,Bengaluru,23,1998,5,1,146,1.6,0,0,0,0,0,0,0,0,0,0,0,0,0
13,Sajal Bag,in IND,MF,Chennaiyin,19,2003,5,2,159,1.8,1,0,1,1,0,0,0,0,0.57,0,0.57,0.57,0.57
14,Ravi Bahadur Rana,in IND,MF,Mohun Bagan,19,2002,1,0,6,0.1,0,0,0,0,0,0,0,0,0,0,0,0,0
15,Nikhil Barla,in IND,DF,Jamshedpur,18,2003,1,1,81,0.9,0,0,0,0,0,0,1,0,0,0,0,0,0
16,Vincy Barretto,in IND,"MF,FW",Chennaiyin,22,1999,16,12,974,10.8,3,2,5,3,0,0,0,0,0.28,0.18,0.46,0.28,0.46
17,Edu Bedia,es ESP,MF,Goa,33,1989,18,17,1503,16.7,3,4,7,3,0,0,8,1,0.18,0.24,0.42,0.18,0.42
18,Joseba Beitia,es ESP,MF,NorthEast Utd,31,1990,5,5,450,5,0,0,0,0,0,0,1,0,0,0,0,0,0
19,Emil Benny,in IND,"MF,FW",NorthEast Utd,21,2000,16,10,972,10.8,0,3,3,0,0,0,0,0,0,0.28,0.28,0,0.28
20,Hardik Bhatt,in IND,DF,Mumbai City,25,1997,1,1,88,1,0,0,0,0,0,0,0,0,0,0,0,0,0
21,Arindam Bhattacharya,in IND,GK,NorthEast Utd,33,1989,10,10,900,10,0,0,0,0,0,0,2,0,0,0,0,0,0
22,Rahul Bheke,in IND,DF,Mumbai City,31,1990,15,15,1334,14.8,0,0,0,0,0,0,1,0,0,0,0,0,0
23,Namgyal Bhutia,in IND,"DF,MF",Bengaluru,22,1999,10,10,858,9.5,0,0,0,0,0,0,0,0,0,0,0,0,0
24,Gaurav Bora,in IND,DF,NorthEast Utd,24,1998,14,12,1073,11.9,0,0,0,0,0,0,2,0,0,0,0,0,0
25,Rowllin Borges,in IND,MF,Mumbai City,30,1992,15,2,388,4.3,0,0,0,0,0,0,2,0,0,0,0,0,0
26,Subashish Bose,in IND,DF,Mohun Bagan,26,1995,19,18,1654,18.4,1,0,1,1,0,0,5,0,0.05,0,0.05,0.05,0.05
27,Hugo Boumous,fr FRA,"MF,FW",Mohun Bagan,27,1995,16,15,1245,13.8,4,4,8,3,1,1,5,0,0.29,0.29,0.58,0.22,0.51
28,Jessel Carneiro,in IND,DF,Kerala Blasters,32,1990,18,13,1184,13.2,0,0,0,0,0,0,1,0,0,0,0,0,0
29,Souvik Chakrabarti,in IND,MF,East Bengal,35,1987,5,3,296,3.3,0,0,0,0,0,0,1,0,0,0,0,0,0
30,Lalchungnunga Chhangte,in IND,MF,Hyderabad FC,21,2001,2,0,30,0.3,0,0,0,0,0,0,0,0,0,0,0,0,0
31,Lallianzuala Chhangte,in IND,"FW,MF",Mumbai City,24,1997,20,20,1633,18.1,10,6,16,9,1,1,1,0,0.55,0.33,0.88,0.5,0.83
32,Aman Chhetri,in IND,DF,Kerala Blasters,21,2001,20,19,1687,18.7,0,0,0,0,0,0,3,0,0,0,0,0,0
33,Ayush Chhetri,in IND,MF,Goa,19,2003,20,16,1251,13.9,0,0,0,0,0,0,1,0,0,0,0,0,0
34,Sunil Chhetri,in IND,"FW,MF",Bengaluru,37,1984,17,12,1052,11.7,2,0,2,1,1,1,1,0,0.17,0,0.17,0.09,0.09
35,Ayush Chhikara,in IND,FW,Mumbai City,20,2002,3,1,72,0.8,0,0,0,0,0,0,0,0,0,0,0,0,0
36,Joel Chianese,au AUS,MF,Hyderabad FC,32,1990,18,9,820,9.1,2,0,2,2,0,0,2,0,0.22,0,0.22,0.22,0.22
37,Daniel Chima Chukwu,ng NGA,FW,Jamshedpur,31,1991,19,17,1451,16.1,5,2,7,5,0,0,2,0,0.31,0.12,0.43,0.31,0.43
38,Makan Chote,in IND,MF,Goa,22,2000,10,1,261,2.9,0,2,2,0,0,0,0,0,0,0.69,0.69,0,0.69
39,Farukh Choudhary,in IND,"MF,FW",Jamshedpur,25,1996,16,6,630,7,0,0,0,0,0,0,1,0,0,0,0,0,0
40,Pratik Chowdhary,in IND,DF,Jamshedpur,32,1989,17,14,1275,14.2,0,0,0,0,0,0,5,0,0,0,0,0,0
41,Lal Chungnunga,in IND,DF,East Bengal,21,2000,19,19,1681,18.7,0,0,0,0,0,0,4,0,0,0,0,0,0
42,Liston Colaco,in IND,"MF,FW",Mohun Bagan,23,1998,20,15,1336,14.8,1,3,4,1,0,0,1,0,0.07,0.2,0.27,0.07,0.27
43,Alan Costa,br BRA,DF,Bengaluru,31,1990,15,11,1046,11.6,2,1,3,2,0,0,0,0,0.17,0.09,0.26,0.17,0.26
44,SaÃºl Crespo,es ESP,MF,Odisha,26,1996,17,17,1476,16.4,0,2,2,0,0,0,2,0,0,0.12,0.12,0,0.12
45,Rafael Crivellaro,br BRA,"MF,FW",Jamshedpur,33,1989,10,9,684,7.6,0,2,2,0,0,0,0,0,0,0.26,0.26,0,0.26
46,Leander D'Cunha,in IND,DF,Goa,24,1997,1,0,1,0,0,0,0,0,0,0,0,0,0,0,0,0,0
47,Aaren D'Silva,in IND,FW,Hyderabad FC,24,1997,14,0,109,1.2,1,0,1,1,0,0,1,0,0.83,0,0.83,0.83,0.83
48,Devansh Dabas,in IND,GK,Chennaiyin,20,2001,1,1,90,1,0,0,0,0,0,0,0,0,0,0,0,0,0
49,Vignesh Dakshina Murthy,in IND,DF,Mumbai City,24,1998,14,10,887,9.9,1,0,1,1,0,0,1,0,0.1,0,0.1,0.1,0.1
50,Slavko DamjanoviÄ‡,me MNE,DF,Mohun Bagan,29,1992,6,2,244,2.7,1,0,1,1,0,0,2,0,0.37,0,0.37,0.37,0.37
51,Rohit Danu,in IND,MF,Hyderabad FC,20,2002,11,5,384,4.3,0,0,0,0,0,0,0,0,0,0,0,0,0
52,Narayan Das,in IND,DF,Chennaiyin,28,1993,6,4,332,3.7,0,0,0,0,0,0,1,0,0,0,0,0,0
53,Prabir Das,in IND,"MF,DF",Bengaluru,28,1993,16,13,1151,12.8,0,1,1,0,0,0,1,0,0,0.08,0.08,0,0.08
54,Ritwik Das,in IND,MF,Jamshedpur,25,1996,18,14,1253,13.9,6,0,6,6,0,0,1,0,0.43,0,0.43,0.43,0.43
55,Sourav Das,in IND,MF,Chennaiyin,26,1996,7,4,392,4.4,0,0,0,0,0,0,1,0,0,0,0,0,0
56,Tuhin Das,in IND,MF,East Bengal,22,2000,8,2,209,2.3,0,0,0,0,0,0,1,0,0,0,0,0,0
57,Carlos Delgado,es ESP,DF,Odisha,32,1990,20,20,1800,20,0,0,0,0,0,0,1,0,0,0,0,0,0
58,Matt Derbyshire,eng ENG,FW,NorthEast Utd,36,1986,8,6,561,6.2,1,0,1,1,0,0,0,0,0.16,0,0.16,0.16,0.16
59,Jockson Dhas,in IND,MF,Chennaiyin,27,1995,6,2,154,1.7,0,0,0,0,0,0,0,0,0,0,0,0,0
60,Fallou Diagne,sn SEN,DF,Chennaiyin,32,1989,19,19,1567,17.4,0,0,0,0,0,0,5,0,0,0,0,0,0
61,Dimitris Diamantakos,gr GRE,FW,Kerala Blasters,29,1993,20,20,1628,18.1,10,3,13,8,2,2,2,0,0.55,0.17,0.72,0.44,0.61
62,Aibanbha Dohling,in IND,DF,Goa,26,1996,19,17,1489,16.5,1,0,1,1,0,0,1,0,0.06,0,0.06,0.06,0.06
63,Seiminlen Doungel,in IND,"FW,MF",Jamshedpur,28,1994,10,0,164,1.8,0,0,0,0,0,0,1,0,0,0,0,0,0
64,Julius DÃ¼ker,de GER,MF,Chennaiyin,26,1996,20,20,1646,18.3,1,4,5,1,0,0,3,0,0.05,0.22,0.27,0.05,0.27
65,Eliandro,br BRA,FW,East Bengal,32,1990,7,0,112,1.2,0,0,0,0,0,0,0,0,0,0,0,0,0
66,Jay Emmanuel-Thomas,eng ENG,MF,Jamshedpur,31,1990,17,14,1305,14.5,2,0,2,0,2,2,0,0,0.14,0,0.14,0,0
67,Aaron Evans,au AUS,DF,NorthEast Utd,27,1994,18,15,1343,14.9,2,0,2,2,0,0,3,0,0.13,0,0.13,0.13,0.13
68,Mourtada Fall,sn SEN,DF,Mumbai City,34,1987,16,8,862,9.6,1,2,3,1,0,0,1,0,0.1,0.21,0.31,0.1,0.31
69,Danish Farooq,in IND,FW,Kerala Blasters,26,1996,5,0,62,0.7,0,0,0,0,0,0,0,0,0,0,0,0,0
70,Danish Farooq,in IND,MF,Bengaluru,26,1996,10,6,469,5.2,1,0,1,1,0,0,1,0,0.19,0,0.19,0.19,0.19
71,Brandon Fernandes,in IND,MF,Goa,27,1994,20,20,1678,18.6,3,3,6,3,0,0,4,0,0.16,0.16,0.32,0.16,0.32
72,Brison Fernandes,in IND,MF,Goa,21,2001,13,1,249,2.8,3,0,3,3,0,0,0,0,1.08,0,1.08,1.08,1.08
73,Raynier Fernandes,in IND,MF,Odisha,,,19,16,1101,12.2,0,3,3,0,0,0,0,0,0,0.25,0.25,0,0.25
74,Seriton Fernandes,in IND,DF,Goa,29,1992,15,15,1277,14.2,0,1,1,0,0,0,1,0,0,0.07,0.07,0,0.07
75,Narender Gahlot,in IND,DF,Odisha,21,2001,17,15,1289,14.3,0,0,0,0,0,0,5,0,0,0,0,0,0
76,Federico Gallego,uy URU,MF,Mohun Bagan,32,1990,8,4,435,4.8,0,0,0,0,0,0,0,0,0,0,0,0,0
77,Saviour Gama,in IND,DF,Goa,25,1997,8,3,250,2.8,0,1,1,0,0,0,0,0,0,0.36,0.36,0,0.36
78,IvÃ¡n Garrido GonzÃ¡lez,es ESP,DF,East Bengal,32,1990,15,14,1246,13.8,0,0,0,0,0,0,2,0,0,0,0,0,0
79,Jon GaztaÃ±aga,es ESP,MF,NorthEast Utd,31,1991,13,11,1031,11.5,0,1,1,0,0,0,6,0,0,0.09,0.09,0,0.09
80,Apostolos Giannou,au AUS,FW,Kerala Blasters,32,1990,17,5,676,7.5,2,2,4,2,0,0,0,0,0.27,0.27,0.53,0.27,0.53
81,Sarthak Golui,in IND,DF,East Bengal,24,1997,13,10,959,10.7,1,0,1,1,0,0,2,1,0.09,0,0.09,0.09,0.09
82,Rostyn Griffiths,au AUS,DF,Mumbai City,34,1988,17,14,1292,14.4,1,1,2,1,0,0,2,0,0.07,0.07,0.14,0.07,0.14
83,Iker Guarrotxena,es ESP,"MF,FW",Goa,29,1992,20,20,1688,18.8,11,0,11,9,2,2,1,0,0.59,0,0.59,0.48,0.48
84,Vafa Hakhamaneshi,ir IRN,DF,Chennaiyin,31,1991,18,15,1394,15.5,1,0,1,1,0,0,3,1,0.06,0,0.06,0.06,0.06
85,Pronay Halder,in IND,MF,Mohun Bagan,29,1993,2,1,66,0.7,0,0,0,0,0,0,0,0,0,0,0,0,0
86,Pronay Halder,in IND,"MF,DF",Jamshedpur,29,1993,7,7,630,7,0,0,0,0,0,0,3,0,0,0,0,0,0
87,Brendan Hamill,au AUS,DF,Mohun Bagan,29,1992,18,18,1620,18,0,0,0,0,0,0,7,0,0,0,0,0,0
88,Thongkhosiem Haokip,in IND,FW,East Bengal,29,1993,15,8,694,7.7,1,0,1,1,0,0,1,0,0.13,0,0.13,0.13,0.13
89,Peter Hartley,eng ENG,DF,Jamshedpur,34,1988,8,8,708,7.9,1,0,1,1,0,0,4,1,0.13,0,0.13,0.13,0.13
90,HernÃ¡n,es ESP,"DF,MF",Goa,31,1990,4,0,109,1.2,0,0,0,0,0,0,0,0,0,0,0,0,0
91,Javi HernÃ¡ndez,es ESP,MF,Bengaluru,33,1989,18,16,1444,16,6,4,10,6,0,0,3,0,0.37,0.25,0.62,0.37,0.62
92,Borja Herrera,es ESP,MF,Hyderabad FC,29,1993,20,12,1142,12.7,4,5,9,4,0,0,1,0,0.32,0.39,0.71,0.32,0.71
93,Lalrinliana Hnamte,in IND,DF,Mohun Bagan,19,2003,9,0,97,1.1,0,0,0,0,0,0,0,0,0,0,0,0,0
94,Sylvester Igboun,ng NGA,"FW,MF",NorthEast Utd,31,1990,1,0,20,0.2,0,0,0,0,0,0,0,0,0,0,0,0,0
95,Mohammed Irshad,in IND,"MF,DF",NorthEast Utd,27,1994,11,6,578,6.4,0,0,0,0,0,0,2,0,0,0,0,0,0
96,Ahmed Jahouh,ma MAR,MF,Mumbai City,34,1988,19,18,1327,14.7,2,3,5,1,1,1,5,0,0.14,0.2,0.34,0.07,0.27
97,Michael Jakobsen,dk DEN,DF,NorthEast Utd,36,1986,10,10,849,9.4,0,0,0,0,0,0,2,0,0,0,0,0,0
98,Himanshu Jangra,in IND,MF,East Bengal,18,2004,6,1,151,1.7,0,0,0,0,0,0,0,0,0,0,0,0,0
99,Jake Jervis,eng ENG,FW,East Bengal,30,1991,5,5,435,4.8,1,0,1,1,0,0,0,0,0.21,0,0.21,0.21,0.21
100,Sandesh Jhingan,in IND,DF,Bengaluru,29,1993,18,18,1620,18,0,0,0,0,0,0,3,0,0,0,0,0,0
101,Ricky John Shabong,in IND,MF,Mohun Bagan,19,2002,1,0,3,0,0,0,0,0,0,0,0,0,0,0,0,0,0
102,Lalbiakhlua Jongte,in IND,GK,Hyderabad FC,20,2002,1,1,90,1,0,0,0,0,0,0,0,0,0,0,0,0,0
103,Wilmar JordÃ¡n,co COL,"FW,MF",NorthEast Utd,31,1990,11,9,736,8.2,8,0,8,3,5,5,1,1,0.98,0,0.98,0.37,0.37
104,Aleksandar JovanoviÄ‡,au AUS,DF,Bengaluru,32,1989,13,13,1078,12,0,1,1,0,0,0,0,0,0,0.08,0.08,0,0.08
105,Jobby Justin,in IND,FW,Chennaiyin,28,1993,5,0,58,0.6,0,0,0,0,0,0,0,0,0,0,0,0,0
106,Abdul Rabeeh A K,in IND,MF,Hyderabad FC,21,2001,16,1,312,3.5,0,3,3,0,0,0,0,0,0,0.87,0.87,0,0.87
107,Vishal Kaith,in IND,GK,Mohun Bagan,26,1996,20,20,1800,20,0,0,0,0,0,0,2,0,0,0,0,0,0
108,Ivan Kaliuzhnyi,ua UKR,MF,Kerala Blasters,24,1998,18,15,1246,13.8,4,1,5,4,0,0,7,0,0.29,0.07,0.36,0.29,0.36
109,Rahul Kannoly Praveen,in IND,MF,Kerala Blasters,22,2000,18,15,1288,14.3,2,2,4,2,0,0,8,1,0.14,0.14,0.28,0.14,0.28
110,Kwame Karikari,gh GHA,FW,Chennaiyin,30,1992,16,3,540,6,4,1,5,2,2,2,2,0,0.67,0.17,0.83,0.33,0.5
111,Prasanth Karuthadathkuni,in IND,"MF,FW",Chennaiyin,25,1997,15,12,853,9.5,1,1,2,1,0,0,0,0,0.11,0.11,0.21,0.11,0.21
112,Laxmikant Kattimani,in IND,GK,Hyderabad FC,33,1989,6,6,487,5.4,0,0,0,0,0,0,0,0,0,0,0,0,0
113,Joni Kauko,fi FIN,MF,Mohun Bagan,32,1990,6,6,498,5.5,1,0,1,1,0,0,1,0,0.18,0,0.18,0.18,0.18
114,Harmanjot Khabra,in IND,DF,Kerala Blasters,33,1988,7,7,540,6,1,1,2,1,0,0,3,0,0.17,0.17,0.33,0.17,0.33
115,Imran Khan,in IND,"MF,FW",NorthEast Utd,27,1994,14,4,478,5.3,1,1,2,1,0,0,1,0,0.19,0.19,0.38,0.19,0.38
116,Abdenasser El Khayati,nl NED,"MF,FW",Chennaiyin,33,1989,12,6,577,6.4,9,5,14,8,1,1,0,0,1.4,0.78,2.18,1.25,2.03
117,Pritam Kotal,in IND,DF,Mohun Bagan,28,1993,20,20,1799,20,0,0,0,0,0,0,3,0,0,0,0,0,0
118,Roy Krishna,fj FIJ,FW,Bengaluru,34,1987,18,18,1564,17.4,5,5,10,5,0,0,4,0,0.29,0.29,0.58,0.29,0.58
119,Ajith Kumar,in IND,DF,Chennaiyin,25,1996,15,15,1228,13.6,0,0,0,0,0,0,6,1,0,0,0,0,0
120,Anuj Kumar,in IND,GK,Hyderabad FC,24,1998,2,1,143,1.6,0,0,0,0,0,0,1,0,0,0,0,0,0
121,Gurjinder Kumar,in IND,DF,NorthEast Utd,31,1990,11,10,905,10.1,0,1,1,0,0,0,2,0,0,0.1,0.1,0,0.1
122,Nanda Kumar,in IND,"FW,MF",Odisha,26,1995,19,19,1564,17.4,6,1,7,6,0,0,3,1,0.35,0.06,0.4,0.35,0.4
123,Nishu Kumar,in IND,DF,Kerala Blasters,24,1997,16,10,1005,11.2,0,1,1,0,0,0,3,0,0,0.09,0.09,0,0.09
124,Rohit Kumar,in IND,MF,Bengaluru,25,1997,15,8,805,8.9,3,0,3,3,0,0,3,0,0.34,0,0.34,0.34,0.34
125,Ashique Kuruniyan,in IND,"MF,FW",Mohun Bagan,25,1997,16,12,1071,11.9,0,1,1,0,0,0,4,1,0,0.08,0.08,0,0.08
126,Charalambos Kyriakou,cy CYP,"DF,MF",East Bengal,32,1989,18,15,1308,14.5,1,0,1,1,0,0,2,0,0.07,0,0.07,0.07,0.07
127,Phurba Lachenpa,in IND,GK,Mumbai City,24,1998,20,20,1800,20,0,0,0,0,0,0,1,0,0,0,0,0,0
128,Emanuel Lalchhanchhuaha,in IND,MF,NorthEast Utd,20,2002,9,4,366,4.1,0,0,0,0,0,0,0,0,0,0,0,0,0
129,R Laldanmawia,in IND,MF,NorthEast Utd,29,1992,6,0,94,1,0,0,0,0,0,0,0,0,0,0,0,0,0
130,Lalengmawia,in IND,MF,Mumbai City,21,2000,16,16,1151,12.8,3,0,3,3,0,0,3,0,0.23,0,0.23,0.23,0.23
131,Ricky Lallawmawma,in IND,"DF,MF",Jamshedpur,30,1991,20,20,1795,19.9,0,1,1,0,0,0,1,0,0,0.05,0.05,0,0.05
132,Jerry Lalrinzuala,in IND,DF,East Bengal,24,1998,19,16,1498,16.6,0,1,1,0,0,0,3,0,0,0.06,0.06,0,0.06
133,Lalruatthara,in IND,DF,Odisha,27,1995,4,1,151,1.7,0,0,0,0,0,0,0,0,0,0,0,0,0
134,K Lalthathanga,in IND,MF,Kerala Blasters,24,1998,6,4,362,4,0,0,0,0,0,0,0,0,0,0,0,0,0
135,K Lalthathanga,in IND,MF,Mohun Bagan,24,1998,6,3,207,2.3,0,0,0,0,0,0,1,0,0,0,0,0,0
136,Marko LeÅ¡koviÄ‡,hr CRO,DF,Kerala Blasters,31,1991,14,13,1177,13.1,1,0,1,1,0,0,3,0,0.08,0,0.08,0.08,0.08
137,AdriÃ¡n Luna,uy URU,"MF,FW",Kerala Blasters,30,1992,19,19,1705,18.9,4,6,10,4,0,0,4,0,0.21,0.32,0.53,0.21,0.53
138,Debjit Majumder,in IND,GK,Chennaiyin,34,1988,9,9,801,8.9,0,0,0,0,0,0,1,1,0,0,0,0,0
139,Osama Malik,au AUS,DF,Odisha,31,1990,15,15,1095,12.2,0,0,0,0,0,0,1,0,0,0,0,0,0
140,Saurav Mandal,in IND,MF,Kerala Blasters,21,2000,13,2,252,2.8,0,0,0,0,0,0,1,0,0,0,0,0,0
141,Pedro MartÃ­n,es ESP,"FW,MF",Odisha,30,1992,19,8,821,9.1,3,1,4,3,0,0,3,0,0.33,0.11,0.44,0.33,0.44
142,Glan Martins,in IND,MF,Goa,28,1994,9,4,471,5.2,0,0,0,0,0,0,0,0,0,0,0,0,0
143,Glan Martins,in IND,MF,Mohun Bagan,28,1994,6,6,472,5.2,0,0,0,0,0,0,0,0,0,0,0,0,0
144,Diego MaurÃ­cio,br BRA,FW,Odisha,31,1991,20,17,1442,16,12,4,16,9,3,3,2,0,0.75,0.25,1,0.56,0.81
145,Jerry Mawihmingthanga,in IND,"FW,MF",Odisha,25,1997,19,13,1301,14.5,3,2,5,3,0,0,1,0,0.21,0.14,0.35,0.21,0.35
146,Kule Mbombo,cd COD,"FW,MF",NorthEast Utd,26,1996,6,6,445,4.9,0,0,0,0,0,0,0,0,0,0,0,0,0
147,Carl McHugh,ie IRL,MF,Mohun Bagan,29,1993,17,12,1101,12.2,3,0,3,3,0,0,3,0,0.25,0,0.25,0.25,0.25
148,Ninthoinganba Meetei,in IND,MF,Chennaiyin,21,2001,12,5,516,5.7,0,1,1,0,0,0,0,0,0,0.17,0.17,0,0.17
149,Denechandra Meitei,in IND,DF,Odisha,28,1994,13,4,507,5.6,0,1,1,0,0,0,1,0,0,0.18,0.18,0,0.18
150,Mirshad Michu,in IND,GK,NorthEast Utd,28,1994,10,10,900,10,0,0,0,0,0,0,2,0,0,0,0,0,0
151,Bryce Miranda,in IND,MF,Kerala Blasters,22,1999,12,4,351,3.9,0,2,2,0,0,0,0,0,0,0.51,0.51,0,0.51
152,Akash Mishra,in IND,DF,Hyderabad FC,20,2001,17,17,1530,17,0,0,0,0,0,0,4,0,0,0,0,0,0
153,Samik Mitra,in IND,GK,Chennaiyin,21,2000,10,10,900,10,0,0,0,0,0,0,3,0,0,0,0,0,0
154,Yasir Mohammad,in IND,MF,Hyderabad FC,22,1999,18,18,1503,16.7,3,4,7,3,0,0,0,0,0.18,0.24,0.42,0.18,0.42
155,Manoj Mohammed,in IND,DF,Hyderabad FC,23,1999,3,3,270,3,0,0,0,0,0,0,0,0,0,0,0,0,0
156,Vibin Mohanan,in IND,MF,Kerala Blasters,19,2003,3,1,102,1.1,0,0,0,0,0,0,1,0,0,0,0,0,0
157,Fardin Molla,in IND,FW,Mohun Bagan,20,2002,10,1,113,1.3,0,0,0,0,0,0,0,0,0,0,0,0,0
158,Hira Mondal,in IND,DF,NorthEast Utd,25,1996,6,5,390,4.3,0,0,0,0,0,0,1,0,0,0,0,0,0
159,VÃ­ctor Mongil,es ESP,DF,Kerala Blasters,30,1992,18,8,758,8.4,0,0,0,0,0,0,1,0,0,0,0,0,0
160,Jithin MS,in IND,"FW,MF",NorthEast Utd,24,1998,16,12,1034,11.5,1,0,1,1,0,0,0,0,0.09,0,0.09,0.09,0.09
161,Ankit Mukherjee,in IND,DF,East Bengal,26,1996,10,9,682,7.6,0,0,0,0,0,0,2,0,0,0,0,0,0
162,Devendra Murgaokar,in IND,MF,Goa,23,1998,12,4,372,4.1,0,1,1,0,0,0,0,0,0,0.24,0.24,0,0.24
163,Halicharan Narzary,in IND,MF,Hyderabad FC,27,1994,17,15,1248,13.9,3,6,9,3,0,0,0,0,0.22,0.43,0.65,0.22,0.65
164,Kiyan Nassiri,in IND,MF,Mohun Bagan,21,2000,14,1,286,3.2,0,0,0,0,0,0,1,0,0,0,0,0,0
165,Gyamar Nikum,in IND,MF,Mumbai City,17,2004,1,0,8,0.1,0,0,0,0,0,0,0,0,0,0,0,0,0
166,Alberto Noguera,es ESP,MF,Mumbai City,32,1989,19,6,896,10,4,1,5,4,0,0,1,0,0.4,0.1,0.5,0.4,0.5
167,Rupert Nongrum,in IND,MF,NorthEast Utd,25,1996,1,0,7,0.1,0,0,0,0,0,0,0,0,0,0,0,0,0
168,Halen Nongtdu,in IND,DF,Mumbai City,18,2004,1,1,90,1,0,0,0,0,0,0,0,0,0,0,0,0,0
169,Jordan O'Doherty,au AUS,MF,East Bengal,24,1997,18,13,1105,12.3,1,0,1,1,0,0,1,0,0.08,0,0.08,0.08,0.08
170,Bartholomew Ogbeche,ng NGA,"MF,FW",Hyderabad FC,37,1984,19,17,1453,16.1,10,2,12,9,1,2,0,0,0.62,0.12,0.74,0.56,0.68
171,Odei Onaindia,es ESP,DF,Hyderabad FC,32,1989,19,19,1710,19,1,1,2,1,0,0,2,0,0.05,0.05,0.11,0.05,0.11
172,Ishan Pandita,in IND,FW,Jamshedpur,24,1998,17,6,634,7,2,0,2,2,0,0,0,0,0.28,0,0.28,0.28,0.28
173,Sahil Panwar,in IND,DF,Odisha,22,1999,17,16,1323,14.7,0,1,1,0,0,0,3,1,0,0.07,0.07,0,0.07
174,Sumeet Passi,in IND,"MF,FW",East Bengal,27,1994,11,4,426,4.7,0,1,1,0,0,0,4,0,0,0.21,0.21,0,0.21
175,Laldinpuia PC,in IND,"MF,DF",Jamshedpur,25,1996,8,4,300,3.3,0,0,0,0,0,0,0,0,0,0,0,0,0
176,Sanson Pereira,in IND,DF,Goa,24,1997,12,6,678,7.5,0,1,1,0,0,0,1,0,0,0.13,0.13,0,0.13
177,Jorge Pereyra DÃ­az,ar ARG,FW,Mumbai City,31,1990,18,16,1289,14.3,11,6,17,10,1,2,6,0,0.77,0.42,1.19,0.7,1.12
178,Pablo PÃ©rez,es ESP,MF,Bengaluru,28,1993,11,1,226,2.5,2,0,2,2,0,0,1,0,0.8,0,0.8,0.8,0.8
179,Dimitri Petratos,au AUS,FW,Mohun Bagan,29,1992,19,19,1668,18.5,9,7,16,9,0,0,1,0,0.49,0.38,0.86,0.49,0.86
180,Romain Philippoteaux,fr FRA,"MF,FW",NorthEast Utd,34,1988,18,16,1332,14.8,2,2,4,2,0,0,1,0,0.14,0.14,0.27,0.14,0.27
181,Florentin Pogba,gn GUI,DF,Mohun Bagan,31,1990,2,0,30,0.3,0,0,0,0,0,0,0,0,0,0,0,0,0
182,Nikhil Poojari,in IND,DF,Hyderabad FC,26,1995,19,19,1631,18.1,0,1,1,0,0,0,2,0,0,0.06,0.06,0,0.06
183,Nikhil Prabhu,in IND,DF,Odisha,21,2000,3,0,93,1,0,0,0,0,0,0,1,0,0,0,0,0,0
184,Nikhil Prabhu,in IND,DF,Goa,21,2000,2,0,74,0.8,0,0,0,0,0,0,0,0,0,0,0,0,0
185,Wellington Priori,br BRA,"MF,FW",Jamshedpur,32,1990,6,5,356,4,0,0,0,0,0,0,1,0,0,0,0,0,0
186,Mohammed Rafique,in IND,DF,Chennaiyin,29,1992,3,1,112,1.2,0,0,0,0,0,0,0,0,0,0,0,0,0
187,Mobashir Rahman,in IND,MF,East Bengal,24,1998,13,9,802,8.9,0,1,1,0,0,0,3,1,0,0.11,0.11,0,0.11
188,Asish Rai,in IND,"DF,MF",Mohun Bagan,23,1999,20,20,1724,19.2,0,1,1,0,0,0,2,0,0,0.05,0.05,0,0.05
189,Vinit Rai,in IND,"MF,DF",Mumbai City,24,1997,10,4,424,4.7,2,0,2,2,0,0,1,0,0.42,0,0.42,0.42,0.42
190,Soosai Raj,in IND,MF,Odisha,27,1994,1,0,11,0.1,0,0,0,0,0,0,0,0,0,0,0,0,0
191,Mohamad Rakip,in IND,DF,East Bengal,22,2000,6,2,243,2.7,0,0,0,0,0,0,2,0,0,0,0,0,0
192,Paul Ramfangzauva,in IND,MF,Odisha,23,1999,2,0,23,0.3,0,0,0,0,0,0,0,0,0,0,0,0,0
193,Bruno Ramires,br BRA,"MF,DF",Bengaluru,28,1994,12,9,812,9,0,0,0,0,0,0,0,0,0,0,0,0,0
194,Jayesh Rane,in IND,MF,Bengaluru,30,1991,8,2,247,2.7,0,0,0,0,0,0,1,0,0,0,0,0,0
195,Mandar Rao Dessai,in IND,DF,Mumbai City,30,1992,9,5,496,5.5,0,0,0,0,0,0,0,0,0,0,0,0,0
196,Princeton Rebello,in IND,MF,Goa,23,1999,3,1,77,0.9,0,0,0,0,0,0,0,0,0,0,0,0,0
197,Laldinliana Renthlei,in IND,DF,Jamshedpur,23,1998,17,16,1390,15.4,0,0,0,0,0,0,3,0,0,0,0,0,0
198,Rochharzela,in IND,"FW,MF",NorthEast Utd,24,1998,14,7,504,5.6,2,0,2,2,0,0,3,0,0.36,0,0.36,0.36,0.36
199,Lenny Rodrigues,in IND,MF,Goa,35,1987,2,1,92,1,0,0,0,0,0,0,0,0,0,0,0,0,0
200,Lenny Rodrigues,in IND,MF,Mohun Bagan,35,1987,9,3,444,4.9,1,0,1,1,0,0,3,1,0.2,0,0.2,0.2,0.2
201,VÃ­ctor RodrÃ­guez,es ESP,"MF,FW",Odisha,33,1989,13,2,423,4.7,1,1,2,1,0,0,0,0,0.21,0.21,0.43,0.21,0.43
202,P Rohlupuia,in IND,MF,Mumbai City,23,1999,1,0,2,0,0,0,0,0,0,0,0,0,0,0,0,0,0
203,Noah Saadaoui,ma MAR,"MF,FW",Goa,29,1992,20,16,1463,16.3,9,9,18,9,0,0,1,0,0.55,0.55,1.11,0.55,1.11
204,Eli SabiÃ¡,br BRA,DF,Jamshedpur,33,1988,15,15,1269,14.1,0,0,0,0,0,0,3,1,0,0,0,0,0
205,Sekh Sahil,in IND,MF,Jamshedpur,22,2000,1,1,76,0.8,0,0,0,0,0,0,0,0,0,0,0,0,0
206,Alex Saji,in IND,DF,NorthEast Utd,22,2000,7,7,606,6.7,0,0,0,0,0,0,4,0,0,0,0,0,0
207,Mohammad Sajid Dhot,in IND,DF,Chennaiyin,24,1997,1,0,29,0.3,0,0,0,0,0,0,0,0,0,0,0,0,0
208,Siva Sakthi,in IND,FW,Bengaluru,21,2001,17,12,894,9.9,6,2,8,6,0,0,0,0,0.6,0.2,0.81,0.6,0.81
209,Aakash Sangwan,in IND,DF,Chennaiyin,26,1995,19,16,1565,17.4,0,5,5,0,0,0,0,0,0,0.29,0.29,0,0.29
210,Shubham Sarangi,in IND,DF,Odisha,22,2000,8,6,564,6.3,0,0,0,0,0,0,1,0,0,0,0,0,0
211,Harry Sawyer,au AUS,"FW,MF",Jamshedpur,25,1996,18,8,875,9.7,2,5,7,2,0,0,1,0,0.21,0.51,0.72,0.21,0.72
212,Suvam Sen,in IND,GK,East Bengal,32,1989,3,3,270,3,0,0,0,0,0,0,1,0,0,0,0,0,0
213,Hitesh Sharma,in IND,MF,Hyderabad FC,24,1997,17,17,1163,12.9,1,1,2,1,0,0,2,0,0.08,0.08,0.15,0.08,0.15
214,Mashoor Shereef,in IND,DF,NorthEast Utd,29,1993,8,6,533,5.9,0,0,0,0,0,0,5,0,0,0,0,0,0
215,Parag Shrivas,in IND,DF,Bengaluru,25,1997,16,10,982,10.9,0,1,1,0,0,0,4,0,0,0.09,0.09,0,0.09
216,Cleiton Silva,br BRA,FW,East Bengal,35,1987,20,20,1773,19.7,12,1,13,9,3,3,4,0,0.61,0.05,0.66,0.46,0.51
217,Amarjit Singh,in IND,MF,East Bengal,21,2001,1,0,11,0.1,0,0,0,0,0,0,0,0,0,0,0,0,0
218,Amrinder Singh,in IND,GK,Odisha,29,1993,20,20,1800,20,0,1,1,0,0,0,3,0,0,0.05,0.05,0,0.05
219,Arshdeep Singh,in IND,GK,Goa,24,1997,2,1,122,1.4,0,0,0,0,0,0,0,0,0,0,0,0,0
220,Bidyashagar Singh,in IND,FW,Kerala Blasters,24,1998,6,0,25,0.3,0,1,1,0,0,0,0,0,0,3.6,3.6,0,3.6
221,Bipin Singh,in IND,"FW,MF",Mumbai City,27,1995,20,20,1693,18.8,6,2,8,6,0,0,0,0,0.32,0.11,0.43,0.32,0.43
222,Dheeraj Singh,in IND,GK,Goa,22,2000,19,19,1678,18.6,0,0,0,0,0,0,2,0,0,0,0,0,0
223,Germanpreet Singh,in IND,MF,Jamshedpur,26,1996,5,4,323,3.6,0,1,1,0,0,0,0,0,0,0.28,0.28,0,0.28
224,Gurkirat Singh,in IND,DF,Mumbai City,19,2003,9,0,110,1.2,0,0,0,0,0,0,0,0,0,0,0,0,0
225,Gurmeet Singh,in IND,GK,Hyderabad FC,23,1999,12,12,1080,12,0,0,0,0,0,0,1,0,0,0,0,0,0
226,Gurmukh Singh,in IND,DF,Chennaiyin,23,1999,10,5,472,5.2,0,0,0,0,0,0,0,0,0,0,0,0,0
227,Gursimrat Singh,in IND,DF,Mumbai City,24,1997,1,0,2,0,0,0,0,0,0,0,0,0,0,0,0,0,0
228,Harmanpreeth Singh,in IND,MF,Bengaluru,20,2001,1,0,5,0.1,0,0,0,0,0,0,0,0,0,0,0,0,0
229,Jeakson Singh,in IND,MF,Kerala Blasters,21,2001,19,19,1641,18.2,0,0,0,0,0,0,3,0,0,0,0,0,0
230,Jitendra Singh,in IND,MF,Jamshedpur,21,2001,13,7,733,8.1,0,0,0,0,0,0,2,0,0,0,0,0,0
231,Kamaljit Singh,in IND,GK,East Bengal,26,1995,17,17,1530,17,0,0,0,0,0,0,1,0,0,0,0,0,0
232,Karanjit Singh,in IND,GK,Kerala Blasters,36,1986,2,2,180,2,0,0,0,0,0,0,0,0,0,0,0,0,0
233,Konsham Singh,in IND,DF,Hyderabad FC,25,1996,12,12,1058,11.8,1,0,1,1,0,0,3,0,0.09,0,0.09,0.09,0.09
234,Manvir Singh,in IND,"MF,FW",Mohun Bagan,26,1995,14,14,1118,12.4,2,3,5,2,0,0,1,0,0.16,0.24,0.4,0.16,0.4
235,Mehtab Singh,in IND,DF,Mumbai City,24,1998,19,18,1654,18.4,1,0,1,1,0,0,3,0,0.05,0,0.05,0.05,0.05
236,Naorem Singh,in IND,"MF,FW",East Bengal,23,1999,19,18,1517,16.9,2,7,9,2,0,0,1,0,0.12,0.42,0.53,0.12,0.53
237,Phijam Singh,in IND,MF,Jamshedpur,19,2003,4,3,208,2.3,0,0,0,0,0,0,0,0,0,0,0,0,0
238,Prabhsukhan Singh,in IND,GK,Kerala Blasters,21,2001,18,18,1620,18,0,0,0,0,0,0,3,0,0,0,0,0,0
239,Reagan Singh,in IND,DF,Hyderabad FC,31,1991,7,2,208,2.3,0,0,0,0,0,0,0,0,0,0,0,0,0
240,Roshan Singh,in IND,"MF,FW",Bengaluru,23,1999,20,20,1701,18.9,0,2,2,0,0,0,2,0,0,0.11,0.11,0,0.11
241,Sandeep Singh,in IND,DF,Kerala Blasters,27,1995,9,9,801,8.9,1,1,2,1,0,0,4,0,0.11,0.11,0.22,0.11,0.22
242,Gurpreet Singh Sandhu,in IND,GK,Bengaluru,30,1992,20,20,1800,20,0,0,0,0,0,0,2,0,0,0,0,0,0
243,Sehnaj Singh,in IND,MF,NorthEast Utd,29,1993,1,1,52,0.6,0,0,0,0,0,0,0,0,0,0,0,0,0
244,Soraisam Singh,in IND,DF,East Bengal,26,1995,2,1,89,1,0,0,0,0,0,0,0,0,0,0,0,0,0
245,Suresh Singh,in IND,MF,Bengaluru,21,2000,18,17,1439,16,0,0,0,0,0,0,4,0,0,0,0,0,0
246,Boris Singh Thangjam,in IND,"MF,FW",Jamshedpur,22,2000,20,18,1534,17,2,1,3,2,0,0,3,0,0.12,0.06,0.18,0.12,0.18
247,Thoiba Singh,in IND,"MF,DF",Odisha,19,2002,20,19,1657,18.4,0,0,0,0,0,0,3,0,0,0,0,0,0
248,Tondonba Singh,in IND,DF,NorthEast Utd,27,1994,8,6,562,6.2,0,0,0,0,0,0,0,0,0,0,0,0,0
249,Udanta Singh,in IND,"MF,FW",Bengaluru,26,1996,15,3,461,5.1,0,2,2,0,0,0,1,0,0,0.39,0.39,0,0.39
250,Vikram Singh,in IND,MF,Mumbai City,20,2002,17,0,273,3,2,0,2,2,0,1,3,0,0.66,0,0.66,0.66,0.66
251,Yumkhaibam Singh,in IND,MF,Chennaiyin,20,2001,16,10,996,11.1,0,1,1,0,0,0,2,0,0,0.09,0.09,0,0.09
252,Siverio,es ESP,FW,Hyderabad FC,24,1997,20,12,1033,11.5,5,0,5,5,0,0,1,0,0.44,0,0.44,0.44,0.44
253,Petar SliÅ¡koviÄ‡,hr CRO,FW,Chennaiyin,31,1991,17,17,1383,15.4,8,4,12,8,0,0,1,0,0.52,0.26,0.78,0.52,0.78
254,Sanjeev Stalin,in IND,DF,Mumbai City,21,2001,11,8,666,7.4,0,0,0,0,0,0,1,0,0,0,0,0,0
255,Greg Stewart,sct SCO,"MF,FW",Mumbai City,32,1990,18,17,1341,14.9,7,7,14,6,1,1,3,0,0.47,0.47,0.94,0.4,0.87
256,Nihal Sudeesh,in IND,FW,Kerala Blasters,21,2001,5,0,108,1.2,0,0,0,0,0,0,0,0,0,0,0,0,0
257,Syed Suhail Pasha,in IND,FW,Chennaiyin,22,1999,2,0,25,0.3,0,0,0,0,0,0,0,0,0,0,0,0,0
258,Parthib Sundar Gogoi,in IND,"FW,MF",NorthEast Utd,19,2003,18,9,858,9.5,3,1,4,3,0,0,2,0,0.31,0.1,0.42,0.31,0.42
259,Pragyan Sundar Gogoi,in IND,MF,NorthEast Utd,23,1999,16,12,1017,11.3,0,1,1,0,0,0,4,0,0,0.09,0.09,0,0.09
260,Edwin Sydney Vanspaul,in IND,"MF,DF",Chennaiyin,29,1992,19,10,997,11.1,1,1,2,1,0,0,1,0,0.09,0.09,0.18,0.09,0.18
261,Nim Tamang,in IND,DF,Hyderabad FC,26,1995,11,9,815,9.1,1,0,1,1,0,0,0,0,0.11,0,0.11,0.11,0.11
262,Deepak Tangri,in IND,"MF,DF",Mohun Bagan,23,1999,11,10,745,8.3,0,0,0,0,0,0,2,0,0,0,0,0,0
263,Sahil Tavora,in IND,MF,Hyderabad FC,26,1995,19,3,616,6.8,0,0,0,0,0,0,2,0,0,0,0,0,0
264,Anirudh Thapa,in IND,MF,Chennaiyin,24,1998,16,14,1192,13.2,2,0,2,2,0,0,2,0,0.15,0,0.15,0.15,0.15
265,Redeem Tlang,in IND,MF,Goa,27,1995,18,12,914,10.2,3,2,5,3,0,0,2,0,0.3,0.2,0.49,0.3,0.49
266,Rehenesh TP,in IND,GK,Jamshedpur,29,1993,11,11,990,11,0,0,0,0,0,0,0,0,0,0,0,0,0
267,Akshunna Tyagi,in IND,FW,Odisha,20,2001,1,0,1,0,0,0,0,0,0,0,0,0,0,0,0,0,0
268,Athul Unnikrishnan,in IND,DF,East Bengal,22,2000,1,0,9,0.1,0,0,0,0,0,0,0,0,0,0,0,0,0
269,Muhammed Uvais,in IND,"DF,MF",Jamshedpur,24,1998,6,3,288,3.2,0,0,0,0,0,0,1,0,0,0,0,0,0
270,Suhair V. P.,in IND,"MF,FW",East Bengal,30,1992,18,18,1343,14.9,2,3,5,2,0,0,8,0,0.13,0.2,0.34,0.13,0.34
271,Marc Valiente,es ESP,DF,Goa,35,1987,8,7,483,5.4,0,0,0,0,0,0,1,0,0,0,0,0,0
272,Isak Vanlalruatfela,in IND,"MF,FW",Odisha,21,2001,10,5,365,4.1,2,2,4,2,0,0,0,0,0.49,0.49,0.99,0.49,0.99
273,Isaac Vanmalsawma,in IND,"MF,FW",Odisha,25,1996,19,7,857,9.5,1,1,2,1,0,0,2,0,0.11,0.11,0.21,0.11,0.21
274,Bijoy Varghese,in IND,DF,Kerala Blasters,22,2000,1,0,5,0.1,0,0,0,0,0,0,0,0,0,0,0,0,0
275,Ãlvaro VÃ¡zquez,es ESP,FW,Goa,31,1991,17,7,795,8.8,1,3,4,1,0,1,1,0,0.11,0.34,0.45,0.11,0.45
276,JoÃ£o Victor,br BRA,MF,Hyderabad FC,33,1988,12,10,944,10.5,2,0,2,1,1,2,1,0,0.19,0,0.19,0.1,0.1
277,Vishal Yadav,in IND,GK,Jamshedpur,20,2002,9,9,810,9,0,0,0,0,0,0,0,0,0,0,0,0,0
278,Joe Zoherliana,in IND,DF,NorthEast Utd,23,1999,12,9,853,9.5,0,0,0,0,0,0,2,0,0,0,0,0,0
279,Mark Zothanpuia,in IND,MF,Hyderabad FC,20,2002,2,0,21,0.2,0,0,0,0,0,0,0,0,0,0,0,0,0
